ARRIVAL_REGION,TIER1_%,TIER2_%,TIER3_%
Asia,0.1920397253679917,2.6981834764764003,10.351903929467204
Europe,0.34374709437470946,4.399907019990702,16.85020920502092
Middle East,0.20533573888470796,2.692788828140964,10.290709554590899
North America,0.20461853259280913,2.7647324699607374,10.547963021864179
